appid,price
514520,1.990000000000004
1012710,5.4434000000000005
279260,5.022200000000009
220090,13.771100000000004
788870,7.360066666666669
920780,3.0080000000000036
625780,4.340900000000003
339440,6.841200000000003
448240,5.650900000000003
838110,5.8145999999999995
444250,7.733600000000004
752550,4.986900000000003
848720,7.830400000000005
925470,4.279500000000004
832380,4.632500000000005
517210,4.773500000000001
610360,0.8018000000000006
982100,4.3413
642600,4.481100000000003
498620,5.468100000000004
882260,7.4954000000000045
664560,5.0424000000000015
803720,14.990000000000007
683830,0.7900000000000006
699790,7.705400000000005
656740,6.1915
556070,0.7900000000000006
929860,6.341900000000005
632830,6.218000000000009
672000,3.2946999999999993
466110,7.530300000000007
1043510,5.2287
340520,7.248400000000006
409610,2.9367
850230,5.550900000000004
274940,19.735100000000006
568910,4.278700000000004
842310,0.7900000000000006
283180,4.386500000000004
817370,4.372600000000003
289620,12.060100000000004
374240,6.814000000000006
584990,7.880300000000008
860090,0.7900000000000006
636100,8.512600000000006
543740,7.1764
525860,5.2287
806180,7.4954000000000045
751740,2.6320000000000023
476460,0.7900000000000006
385380,6.247400000000003
1022010,4.0753
813590,4.478700000000003
397160,5.6316
738920,5.103500000000004
517990,4.2318
387890,5.990100000000001
600990,6.066100000000005
554280,10.413000000000002
635670,6.325200000000006
1019150,10.736000000000006
246920,6.989999999999998
790600,5.387400000000003
880830,4.745500000000004
527250,4.709200000000001
528770,1.3510999999999997
981550,0.9643000000000002
896160,5.522400000000007
759530,6.1984000000000075
873850,7.027399999999999
258590,9.468200000000007
890920,6.117200000000005
653770,5.2287
550650,6.555200000000006
464340,7.425200000000006
329630,7.052100000000003
386390,6.383883333333335
303290,6.916000000000006
443940,6.9302000000000055
895650,7.733099999999999
921060,0.0
290300,11.946700000000003
507030,5.277400000000004
12770,4.2029000000000005
294810,17.055000000000007
591470,6.70600000000001
837530,1.8051000000000004
348980,1.195700000000001
740320,4.000000000000007
463530,6.983100000000004
676480,5.783700000000006
965450,0.7900000000000006
456920,1.2533
848350,6.092200000000006
494090,5.8662
259640,5.303800000000006
724120,3.673933333333334
978790,0.0
974010,0.7900000000000006
427860,4.205000000000007
702320,0.0
370140,7.455400000000001
769590,5.011300000000001
644640,2.5085000000000015
811520,0.8029000000000007
449000,1.8368000000000024
532120,3.9602000000000004
996550,3.9812000000000034
862390,5.598800000000006
7660,6.440500000000005
494040,7.4205
856190,0.7900000000000006
513720,1.2032000000000023
429480,7.455400000000001
1004570,5.750300000000001
514500,6.729600000000002
679780,6.423500000000005
916050,4.221000000000004
723790,0.0
359340,6.190566666666667
463320,4.041000000000002
307340,4.9550000000000045
219780,17.175200000000004
541160,4.069299999999999
739050,6.046800000000002
914290,1.2575
500440,4.0737
495580,5.872800000000007
259320,5.6665000000000045
454180,6.966100000000009
574070,1.8171999999999997
1043020,5.750300000000001
588230,3.6527000000000034
271550,5.561100000000005
894900,4.7831000000000055
956000,7.830400000000005
338080,20.346100000000007
776540,0.7900000000000006
348540,7.042000000000002
712380,1.6398000000000004
347710,7.4401000000000055
241620,3.947400000000003
771690,8.689100000000007
320400,7.270400000000007
12500,8.067000000000009
232970,8.878300000000007
571500,4.077300000000001
564420,5.305100000000001
746050,1.65965
528820,11.280000000000005
630310,7.342200000000006
661560,6.913399999999999
534460,6.092400000000003
495350,2.071200000000001
938870,7.4954000000000045
445840,4.742300000000001
964210,2.7729999999999966
358000,1.5780000000000027
511690,5.1646
663370,5.240900000000002
418120,6.056000000000003
673570,5.620000000000005
857240,4.861200000000004
804900,2.611499999999997
666730,4.616600000000003
300630,9.332000000000004
743340,0.7900000000000006
784150,13.790400000000002
217690,7.172600000000004
652360,4.092300000000001
799530,3.9637000000000016
961460,0.7900000000000006
513770,7.127900000000003
666660,8.702000000000009
648780,10.268000000000006
529150,7.446800000000005
348470,45.79649999999989
567160,4.275400000000005
684400,7.830400000000005
739000,3.563300000000002
566560,7.3419000000000025
709340,7.093445711804536
593250,10.874300000000005
716150,4.612300000000002
457770,4.5761
782210,3.978000000000008
696400,0.981500000000002
1032240,5.000000000000006
895120,4.709200000000001
542480,5.936100000000006
3540,4.064300000000002
513230,2.1977000000000015
18700,8.005600000000005
887900,3.9602000000000004
446460,4.8720000000000026
687870,6.0816000000000034
715210,4.9014000000000015
592040,4.751599999999999
893490,5.2287
293160,6.361600000000006
305920,6.326100000000004
567480,5.129200000000003
920810,1.3371000000000006
820790,5.028800000000003
571260,29.969399999999936
951130,5.020800000000002
436870,3.870000000000007
392290,9.31219999999999
438090,6.729499999999999
823800,7.138499999999999
754340,4.381700000000002
668300,4.843600000000002
516550,5.046099999999999
655730,2.4527000000000005
762360,5.477700000000001
755580,1.2410000000000014
421630,3.7799999999999976
205830,6.798200000000006
644530,2.6856999999999998
684320,9.910400000000006
341390,12.506200000000009
308040,9.694200000000007
939200,6.913399999999999
647990,4.9981
903760,8.629399999999999
969230,1.0155000000000014
887960,7.663200000000006
568040,5.657700000000005
720320,3.9490000000000047
942300,4.8062000000000005
746910,6.828300000000004
366270,5.743599999999998
671510,7.5949000000000035
652610,7.733099999999999
977900,0.8331000000000011
535760,1.1243000000000003
340380,4.709200000000001
242700,9.311200000000005
616720,6.801400000000006
445720,0.0
439490,4.886900000000001
294580,4.714000000000006
577120,7.4954000000000045
654020,3.9003
972740,4.784100000000002
471270,4.3957
235520,6.143200000000005
678240,3.4160000000000004
739710,4.162000000000007
779240,5.633700000000004
1009690,7.4954000000000045
341540,5.579300000000005
377430,0.0
464490,10.482200000000004
822920,4.709200000000001
765640,3.9428000000000027
404630,5.637100000000004
955400,4.773500000000001
370310,3.5789000000000026
882910,15.490000000000007
770050,5.833500000000002
463040,2.265799999999999
612790,4.820900000000003
527890,6.665966666666673
401250,7.723000000000006
877820,2.3704999999999994
881250,2.1090999999999998
24410,11.332000000000008
849350,7.830400000000005
563360,5.222800000000004
821670,1.8529000000000004
992300,8.879000000000007
808080,7.785500000000004
938070,7.099500000000006
324800,20.9201
841370,39.5499999999999
873790,1.3670000000000004
741490,7.7675000000000045
853760,8.629399999999999
658790,4.510400000000002
588890,5.1841000000000035
261700,5.100500000000001
326190,2.9692000000000025
798420,3.9306000000000036
394360,19.027700000000006
928690,15.096300000000003
981900,5.706099999999999
381940,0.0
379640,5.858800000000005
726430,8.343100000000005
474880,5.477700000000001
880610,4.9680000000000035
226960,11.033000000000005
621150,1.613099999999999
713050,1.5801999999999996
921700,4.751599999999999
583060,6.711266666666665
996830,5.218100000000003
399780,7.130800000000006
201070,4.894900000000004
505290,5.245700000000002
860890,7.002000000000005
758220,7.4205
9980,7.574000000000005
608530,5.392300000000006
670610,4.3413
976240,3.550200000000001
841200,1.3008000000000004
509170,4.259266666666668
589060,6.994000000000007
333880,2.3354000000000013
283680,5.852100000000002
328430,5.299200000000005
416590,4.014200000000004
847790,3.489600000000001
865540,6.2786000000000035
682270,7.830400000000005
40950,10.924200000000006
708340,6.643000000000004
283470,4.298600000000001
591950,1.2397000000000005
712660,6.706599999999998
966000,1.9721000000000017
306480,5.692300000000006
352760,7.065100000000032
729530,7.0611000000000095
468800,8.008000000000013
357690,4.574600000000003
380020,6.651900000000008
833300,4.812000000000008
346900,1.1812000000000007
537450,6.953200000000005
284830,7.7871000000000095
837900,0.8377000000000007
60350,6.988000000000005
774711,0.0
496190,0.0
874640,8.1154
365060,5.056400000000003
913770,7.705400000000005
786720,0.7900000000000006
675680,5.642000000000003
959980,1.6113999999999988
443860,5.073000000000005
820380,0.7990000000000008
1036490,0.7900000000000006
548340,7.556200000000006
98200,20.462900000000005
860200,0.7900000000000006
655040,3.990000000000007
748060,1.5900000000000027
713310,5.046099999999999
286320,6.471400000000004
390340,10.806900000000006
796090,7.518045621045621
380000,3.0237999999999987
858370,0.7900000000000006
15100,13.451200000000002
539270,10.802000000000005
1032090,3.120999999999999
653100,5.477700000000001
388340,7.476700000000003
575830,4.8331000000000035
726760,0.8393000000000005
687360,4.481100000000003
277700,5.936000000000006
753230,7.246200000000004
675990,0.7900000000000006
723100,7.694800000000003
623550,0.7900000000000006
105800,7.739000000000009
520380,5.147800000000002
337150,5.6703000000000054
292280,4.597000000000006
451840,15.728200000000006
1037540,1.5526000000000015
537090,1.4275000000000013
882080,4.9981
503750,5.833500000000002
233210,12.937000000000006
860340,9.780300000000006
867050,9.5794
847370,6.102400000000006
4000,13.543000000000005
1044770,5.305100000000001
38600,3.6979000000000037
924500,7.4954000000000045
315830,5.852700000000003
822900,10.215200000000005
365880,5.732300000000005
518580,10.360400000000004
745810,5.711300000000003
870890,4.480000000000005
520750,0.0
974390,2.833333333333333
470260,6.939600000000005
507050,7.062000000000001
335660,6.230100000000005
649670,5.159200000000003
677910,5.0966000000000005
426690,6.281600000000005
413040,7.364400000000001
681070,3.038999999999997
225300,4.485300000000006
915190,6.383883333333335
1010650,1.7558999999999998
927310,6.212700000000005
322130,15.490000000000007
744670,5.1369000000000025
778700,14.05
667760,3.9842000000000035
549180,4.865000000000002
525080,11.422700000000004
809870,8.077300000000005
313200,7.106000000000006
387290,9.351600000000003
338530,1.7440000000000007
756980,5.2287
747050,4.346000000000002
736840,0.7900000000000006
805500,0.8180000000000008
502520,19.985400000000006
439420,5.099
336130,6.192000000000003
870590,3.978000000000007
741560,3.509200000000001
801020,0.7538000000000002
739190,6.8006000000000055
279070,2.8680999999999948
289760,6.200800000000007
706280,3.9233
496630,4.976500000000003
1002830,5.705700000000002
284790,7.401100000000006
766370,10.233700000000008
843360,4.1100000000000065
612160,4.481100000000003
709840,4.076700000000003
733790,6.708100000000006
878470,0.7900000000000008
291030,14.99520000000001
277270,4.570700000000001
743550,3.684300000000002
845590,4.428300000000001
266230,6.990000000000004
394990,1.5840000000000025
552460,31.91009999999993
408440,1.6295999999999995
359050,7.245500000000003
546090,1.7591000000000006
686640,6.431100000000007
591680,11.825000000000006
802650,0.7833000000000007
1003650,5.405399999999998
337350,9.208100000000007
32120,6.822000000000007
687750,6.583800000000007
350200,4.712800000000003
286770,5.210900000000004
649620,3.8703999999999996
801340,7.461399999999998
385760,40.0099999999999
877230,4.4997
1002970,5.750300000000001
593410,1.5989000000000024
540020,0.7900000000000006
387870,5.845500000000004
622370,11.205000000000009
371520,6.370800000000005
619430,3.9690999999999996
761890,11.670000000000005
920800,2.090000000000003
1058910,1.7516000000000005
544520,5.1125000000000025
829370,4.092300000000001
545660,3.2432000000000003
837270,2.090000000000003
582200,6.615500000000003
809770,5.843700000000002
549880,4.0213
619100,1.6230000000000027
736230,5.477700000000001
405550,3.0474999999999994
656440,4.919000000000002
856420,2.8899999999999926
648100,4.295000000000004
827130,1.6625999999999985
609760,3.902699999999996
770660,5.245700000000002
350700,0.0
971460,5.913500000000004
344190,6.497100000000004
46410,4.401500000000003
1039470,3.9554000000000027
572520,6.723600000000006
363890,7.764300000000004
429540,2.878800000000001
899480,5.395500000000003
738760,5.993
275810,6.726000000000006
622460,7.251100000000008
509240,2.4773
960200,0.0684
655280,4.960400000000002
251170,1.5480000000000018
618210,1.9900000000000038
846690,4.336899999999999
1022160,5.477700000000001
557860,5.711000000000005
260040,4.944000000000003
682000,0.7821000000000007
394310,15.435000000000008
394510,13.401400000000006
888760,7.830400000000005
63960,3.0817000000000014
745830,8.953500000000004
532260,5.3979000000000035
429270,1.7496000000000003
328890,7.938300000000006
678230,4.354400000000002
533890,4.812500000000003
283600,13.102900000000004
773490,5.046099999999999
962940,1.6862000000000006
264440,3.9900000000000064
230650,8.717500000000001
266980,5.523400000000002
685790,1.7403999999999997
446120,5.960200000000003
538070,7.816000000000013
992620,6.174500000000004
861280,1.5245999999999997
306930,5.3300000000000045
874010,0.7900000000000006
660030,4.872638095238093
646350,21.060799999999993
891200,0.0
770560,2.3426
1026960,4.864000000000001
629000,7.115800000000007
514730,7.069811111111111
33460,23.30319999999998
603810,0.9771000000000005
821560,6.127600000000004
402310,6.806800000000005
533630,5.245700000000002
553820,6.268100000000007
516250,6.453300000000008
769320,3.489600000000001
369580,3.0525000000000038
817220,3.791866666666669
552410,4.655000000000004
944770,6.615500000000003
816020,26.42599999999996
257710,4.003200000000006
265750,5.643800000000004
862580,0.0
875830,4.3520000000000065
342560,6.368600000000006
317040,4.1464000000000025
380140,4.3735
327640,7.438800000000003
615090,2.597900000000001
800550,4.077300000000001
718910,6.729499999999999
645380,4.617900000000003
1042460,5.1646
896510,4.189500000000002
1034740,4.280700000000003
749550,2.4350999999999985
801840,1.749499999999999
400880,1.8212000000000017
893180,6.9561000000000055
954240,4.481100000000003
702550,1.4921
300400,13.215600000000006
397240,5.705700000000002
942310,5.047600000000002
614960,1.6899999999999995
848300,10.156099999999997
684980,3.673933333333334
625160,7.455400000000001
289520,7.063400000000007
699460,1.7309999999999997
725540,5.2287
243970,10.075000000000006
22200,9.183300000000008
681160,5.841600000000002
818640,4.211719099775274
560550,4.443600000000004
783470,1.6711999999999991
903670,7.295900000000004
846330,7.4205
729720,4.298600000000003
913640,4.006100000000002
495050,16.749500000000005
675950,11.441000000000008
283430,1.3552000000000006
914900,1.126700000000002
571720,7.431100000000007
882360,1.7356000000000007
772500,5.523400000000004
576730,1.7100999999999997
969480,4.686200000000005
371120,3.9900000000000087
25990,6.890100000000006
562160,3.7011000000000034
285090,5.534300000000005
559030,3.9900000000000073
486940,3.9900000000000073
442070,10.416000000000006
361100,4.959900000000004
317510,5.713200000000006
747700,4.000000000000007
963910,5.376600000000003
46720,7.826333333333338
302330,6.605000000000007
928180,4.2014
762490,4.871500000000004
883300,7.364400000000001
493100,5.387500000000001
935240,4.980000000000007
674330,4.625200000000005
578890,3.489600000000001
283230,7.358300000000003
366610,5.1483000000000025
1001140,6.053900000000004
407380,24.25599999999997
515700,4.3413
823670,5.750300000000001
881060,1.9900000000000027
398680,8.214200000000007
698320,1.9009
342260,6.448600000000006
410990,6.949100000000007
938260,5.2287
617020,7.130499999999999
380950,4.697200000000002
514580,1.6432000000000002
838640,1.5767000000000002
318560,4.062666666666671
576560,4.175500000000002
250900,10.143500000000007
303340,9.150000000000007
510740,4.617900000000003
503390,5.413400000000004
753630,1.7426
587260,16.722900000000003
1009910,8.390399999999998
941410,4.225800000000001
488300,26.76009999999995
24800,10.159000000000008
878080,4.801300000000002
879410,4.938500000000002
555410,4.658999999999996
467380,7.474800000000009
921070,5.577800000000002
661920,6.2576000000000045
819640,5.477700000000001
857160,0.7821000000000007
424310,5.477700000000001
613330,7.185766666666666
796970,5.2287
406730,4.863400000000004
334960,5.741900000000002
804610,6.096500000000004
18420,8.279600000000004
905890,5.477700000000001
912210,17.317500000000006
486470,3.763800000000001
587970,4.405400000000001
313190,3.4975000000000005
836350,3.9602000000000004
650490,4.676200000000005
537050,1.5900000000000025
407060,7.181700000000004
496540,5.870000000000004
661110,7.376399999999998
942760,6.615500000000003
992050,0.7900000000000006
896220,3.7962000000000016
367350,6.179900000000004
260130,16.245000000000008
932820,2.6295000000000006
679090,2.8899999999999926
553590,1.990000000000004
433840,1.6527
966540,6.933000000000018
431610,6.706599999999998
516010,4.9981
434220,5.217000000000005
491040,9.875000000000007
706690,2.9139999999999935
1062670,0.7900000000000006
700050,2.3942999999999985
718140,2.4094000000000015
1027990,5.099
498580,1.9640000000000024
789570,4.002000000000001
740520,7.441200000000013
340210,4.724000000000003
601540,5.539000000000004
690460,5.043600000000001
290730,8.639900000000003
1035640,5.477700000000001
395930,4.997800000000005
980690,3.1194999999999995
447820,15.663000000000006
295730,5.458300000000004
1050760,0.9104000000000013
503580,15.735000000000007
976390,15.320000000000007
215690,10.220100000000008
765630,6.913399999999999
693300,7.1764
249050,15.195700000000006
577000,6.383883333333335
49800,4.179000000000003
970680,5.944200000000007
826810,5.245700000000002
358320,3.068800000000002
585610,96.36599999999984
648550,5.328200000000002
523440,7.355299999999999
886610,9.485999999999995
796400,8.024200000000008
964920,4.259266666666668
839300,7.102000000000001
869280,6.985800000000001
757590,5.606300000000001
938600,7.372199999999997
445220,6.301500000000004
340120,2.8022000000000005
757210,10.534999999999998
450670,5.8700000000000045
435150,19.688600000000005
468820,6.156500000000003
489050,7.221799999999999
703760,2.090000000000003
459100,4.901300000000003
784950,5.149200000000004
715440,4.253000000000003
398170,15.155000000000006
612540,4.917000000000007
462620,4.5902
375180,6.023200000000007
907560,6.383883333333335
672050,1.8979
649660,7.130499999999999
761290,4.077300000000001
692790,1.336500000000001
815170,6.188100000000002
427730,3.198000000000003
915720,4.2554000000000025
1051830,3.586000000000002
460140,4.443600000000004
843580,10.430000000000007
23380,8.157400000000004
403180,4.138200000000002
577940,17.248000000000005
417350,7.001800000000002
332070,10.481399999999999
709560,4.461600000000002
396650,11.782400000000004
793050,5.291400000000003
871330,4.934100000000006
366510,5.783400000000006
777420,7.708099999999999
513320,14.126100000000008
385940,7.926000000000007
793690,9.503100000000003
368430,5.356800000000004
328510,5.715800000000004
465650,20.514000000000006
498990,5.402000000000004
644570,1.8627000000000005
903780,6.96
418940,4.4253
867700,7.503200000000009
656780,6.526900000000003
341760,4.9141
666100,7.147600000000006
793640,7.355299999999999
935070,7.296100000000011
220900,15.551100000000003
311910,8.770200000000006
250420,2.112300000000001
425150,5.681800000000004
269310,8.264500000000002
814010,3.990000000000007
725550,7.733099999999999
336680,4.522600000000003
621880,5.404900000000006
788050,6.930300000000004
586020,4.969400000000004
707350,12.89090000000001
765900,4.115700000000001
321390,7.3419000000000025
625830,5.838400000000002
221680,25.641399999999962
871470,2.2460000000000004
954530,2.051000000000002
356190,6.833100000000005
1053060,7.196600000000006
586430,6.803999999999999
770820,4.077300000000001
200670,9.605300000000003
727140,4.077300000000001
530740,8.292100000000003
997340,0.7821000000000007
9800,4.782100000000006
805450,4.737600000000001
882390,4.077300000000001
732290,4.803200000000002
390560,11.060000000000008
529700,13.658400000000007
943390,6.070800000000004
771710,5.736000000000003
855980,2.012
855850,0.7900000000000006
601550,8.629399999999999
578310,10.6348
629840,8.517200000000008
761040,6.383883333333335
325160,7.19610000000003
938940,2.1300999999999997
593700,4.640500000000002
563180,3.7337000000000002
400800,23.06309999999998
589250,4.871500000000004
383690,5.497800000000003
926350,8.004933333333335
498660,0.7900000000000006
466130,7.194400000000005
307190,12.568833333333341
601250,4.2014
668970,3.684300000000002
502200,8.957000000000004
782630,5.477700000000001
338190,1.360100000000001
998790,3.9537
856160,5.2287
453980,0.7900000000000006
669830,4.3957
449140,9.425900000000006
812960,7.898100000000002
671620,0.0
801290,1.3528000000000007
658390,2.9423809523809554
685430,1.6899999999999995
857130,2.7770999999999937
24010,21.344299999999997
853770,6.728100000000001
378770,3.9760000000000053
508890,5.245700000000002
876470,5.281900000000004
505210,5.771000000000006
992790,7.733099999999999
714360,0.7941000000000004
584880,4.778400000000002
694500,6.473000000000006
746110,4.709200000000001
36000,5.175200000000003
686740,5.019500000000002
385150,4.734600000000006
657230,4.532100000000003
453830,1.7060000000000002
745900,0.0
415840,3.5378000000000016
832520,4.336200000000003
202130,7.040500000000004
898830,7.355299999999999
773650,4.812000000000008
677340,6.423100000000005
909570,5.171100000000006
377330,1.1592999999999998
489730,7.027399999999999
455940,5.370300000000002
857680,4.802200000000003
565140,7.083100000000013
591370,10.371400000000008
33930,14.338000000000005
865850,4.147800000000003
259020,6.028800000000005
987850,8.275100000000007
522280,4.4643000000000015
1062120,0.7900000000000006
587010,5.980500000000002
531910,2.089000000000003
744040,8.349100000000007
13600,6.178300000000005
440790,4.209600000000002
551730,28.67939999999997
233270,13.8572
497260,0.9960000000000011
1049420,5.1646
460850,1.1867
801630,23.205099999999984
212680,10.921699999999998
846340,4.7664000000000035
783090,5.477700000000001
397950,6.1463000000000045
819880,5.477700000000001
512420,3.8738000000000015
654670,3.2432000000000003
698100,1.9899000000000004
364050,3.3515000000000015
765610,1.6899999999999995
1055770,1.6899999999999995
403880,22.47599999999999
932800,5.847000000000004
862010,0.7900000000000006
659320,4.077300000000001
455990,3.990000000000007
355120,7.192466666666668
647950,5.2287
627530,3.684300000000002
445430,12.854200000000002
538810,5.650900000000003
815630,4.790000000000009
433790,2.0090999999999997
674800,2.5942999999999987
754040,3.349999999999993
395100,1.5740000000000025
927250,6.847100000000012
817510,5.0568000000000035
527110,0.0
861290,7.376399999999998
713380,0.9485000000000001
679400,0.0
485790,4.2800000000000065
688880,4.797600000000003
207020,7.908400000000003
37500,5.363700000000003
389840,4.676500000000002
470780,7.088800000000005
396730,6.797900000000001
462990,17.4894
311190,8.346100000000005
1017580,4.3413
838440,3.2432000000000003
414340,14.625000000000007
215470,12.598600000000001
313480,3.047500000000001
843720,1.1866999999999999
650860,6.0818
565540,4.4997
809200,6.911500000000002
346670,5.482700000000002
935920,5.617800000000005
312440,7.849000000000006
426040,5.373100000000003
927930,3.8731000000000018
259740,8.340000000000009
506150,4.9014000000000015
273070,5.647200000000003
884500,2.823800000000001
528460,6.272500000000005
622200,6.972600000000004
879470,5.620600000000004
639220,4.682500000000003
395880,5.705700000000002
262300,6.872000000000003
904860,3.2707000000000015
366990,4.8365000000000045
500660,5.398400000000004
492490,3.3665000000000016
214610,4.909000000000003
339290,6.256000000000004
801780,0.7998000000000006
661420,5.477700000000001
504490,8.378900000000005
340990,11.868000000000006
387280,4.771600000000002
787420,3.7949999999999977
515260,4.816000000000007
384000,8.840000000000007
566410,7.735900000000003
513490,0.0
682350,5.377200000000001
272600,4.038600000000006
417400,4.7052000000000005
318300,9.538100000000009
968700,2.564499999999999
649170,3.8257000000000003
988330,7.830400000000005
999040,6.615500000000003
530720,2.6261000000000005
661230,4.094000000000006
542790,7.027399999999999
772320,3.814666666666667
525480,6.632300000000004
391280,6.353600000000005
501180,6.480300000000002
914620,12.321399999999997
928810,0.7900000000000006
974490,0.7900000000000006
671900,5.814200000000004
863380,4.830500000000002
203990,5.025000000000006
680860,5.315800000000004
739180,5.841400000000004
698980,6.482499999999999
1036270,3.6994
760880,1.6952
809530,5.451100000000002
545670,3.2132999999999985
502720,1.104200000000001
387840,0.9289000000000002
313620,4.196300000000003
587770,5.58416666666667
954870,7.094100000000027
402300,7.140400000000004
325110,5.084200000000005
1012730,5.686200000000003
493450,9.557699999999997
912520,7.4954000000000045
524580,29.554999999999936
906600,4.707700000000005
619140,6.526900000000003
750710,7.4954000000000045
650110,11.399100000000002
448550,4.9981
683890,3.964200000000003
102200,6.693800000000005
788800,6.271400000000003
542240,4.132000000000002
562690,2.0845999999999982
429360,4.649200000000005
700480,16.64100000000001
618370,1.3155000000000008
382900,15.930100000000007
923670,3.2432000000000003
263540,12.383899999999999
920200,4.237200000000005
451080,13.915000000000004
521980,3.465200000000002
9160,5.314600000000004
278360,9.328800000000003
635730,5.316900000000003
601790,9.005900000000008
666620,3.592800000000001
427510,16.024300000000004
844420,9.097200000000008
685950,1.2435999999999998
326720,4.511800000000004
203160,6.887100000000005
733060,7.991399999999999
816330,15.490000000000007
241720,10.728299999999999
757330,0.7922000000000006
831530,3.791866666666669
286540,7.032000000000008
277520,8.000400000000004
1057460,5.477700000000001
540500,0.7900000000000006
449240,3.9812000000000034
648120,0.7900000000000006
888610,6.514766666666668
277490,7.745900000000007
695360,5.2614000000000045
649640,20.269000000000005
324270,8.260200000000005
1029080,4.393700000000004
656940,3.9924000000000017
765880,15.150000000000007
878640,0.7900000000000006
523650,7.881400000000002
777760,4.817000000000006
362810,6.098200000000005
863580,2.71025
496740,5.222800000000003
949530,1.8863000000000008
435800,4.301400000000002
299360,6.899700000000006
788880,12.221599999999997
316950,6.266700000000004
923730,0.9866000000000009
756790,3.2432000000000003
425600,7.045000000000003
656480,15.490000000000007
375840,8.885800000000003
962390,3.592800000000001
216210,8.140000000000008
556010,4.361200000000004
311080,4.154500000000004
576310,0.7900000000000006
508330,5.245700000000002
812770,7.7150000000000025
367240,5.455500000000004
499230,5.2695000000000025
385230,0.8783000000000014
659630,4.337700000000003
704680,5.009400000000004
388120,4.291000000000002
217750,17.79650000000001
876130,4.3413
493320,4.794000000000004
301970,10.815300000000002
422810,6.691400000000004
338810,0.0
259190,7.909300000000005
904540,4.751600000000003
299110,3.985000000000007
331600,34.89149999999993
314050,5.833500000000002
512450,2.3010000000000015
613980,5.2741
601170,5.294600000000003
873860,5.245700000000002
783060,0.5832666666666663
397960,5.671000000000004
39650,9.398000000000007
349450,5.395500000000003
938630,5.3104666666666684
449220,5.273200000000002
368080,8.012200000000005
964130,2.090000000000003
857050,0.8091000000000007
839420,4.986900000000003
645280,6.706599999999998
436850,7.455400000000001
835690,5.245700000000002
346010,12.117200000000002
538920,0.7900000000000008
367010,5.6383000000000045
989540,5.190700000000004
668770,5.591600000000004
751080,0.7990000000000008
267220,6.960000000000003
707000,8.250399999999999
825490,3.9591000000000003
913090,0.7900000000000006
672030,4.174000000000007
495890,0.5354999999999998
670100,3.6233000000000017
823330,4.610000000000005
850910,6.298000000000005
289240,3.6952
829210,5.348900000000004
923050,1.6007000000000002
756860,7.364400000000001
91200,12.633500000000005
688720,0.0
437400,5.449100000000003
657930,4.212
498240,13.192000000000005
912760,1.275600000000002
449100,4.336200000000003
380550,1.9734999999999994
756040,4.641000000000005
389170,6.234100000000005
1024250,7.4954000000000045
302260,5.657600000000006
294660,5.249100000000006
840430,4.9141
819080,4.662000000000005
375320,0.7900000000000006
607440,1.7153
759540,8.939199999999992
365760,7.886500000000003
518030,7.743800000000004
744190,1.2021000000000008
294060,6.989999999999998
255370,5.105500000000003
517670,4.792000000000009
350810,5.477400000000005
57900,7.400200000000004
998220,6.716800000000004
965320,10.239200000000006
697360,1.4166000000000003
404590,23.32699999999998
757450,3.8030000000000013
539750,0.9976000000000009
703030,4.751599999999999
781590,6.042400000000004
695510,4.778200000000003
428180,7.420700000000003
268520,7.016000000000003
960340,5.833500000000002
624270,6.900600000000005
365590,6.656600000000005
795500,2.838999999999995
552060,10.09399999999999
658430,10.087000000000007
288040,6.990000000000004
849980,3.978000000000008
329980,10.796000000000006
916780,5.2287
675170,11.256100000000004
847580,0.814000000000001
751430,11.405100000000003
365360,14.415599999999998
354180,7.785100000000007
571350,7.148700000000004
959990,0.8474000000000005
978910,0.0
916060,13.937000000000006
104200,13.0031
1610,12.089100000000007
636050,6.117000000000008
772420,6.8595999999999995
357780,3.789000000000003
265380,4.411500000000003
783600,4.232200000000003
652050,4.9981
803680,5.750300000000001
809330,0.7900000000000006
800720,0.0
287200,4.953300000000004
458200,4.077300000000001
611390,12.710100000000002
594330,7.201700000000005
464040,3.9602000000000004
288260,0.0
690040,17.552100000000006
656690,3.9537
297750,17.685300000000005
547470,6.441400000000003
576880,0.7900000000000006
858180,0.7941000000000004
870090,7.4205
573550,4.538300000000001
654630,5.2287
16110,5.084000000000006
916130,11.986099999999999
960700,3.673933333333334
557190,1.495100000000001
527470,3.208700000000001
598480,4.996900000000004
971610,3.3431000000000033
389570,0.0
455290,5.245700000000002
380700,5.425600000000004
851770,5.477700000000001
921850,7.355299999999999
699010,7.185766666666666
756490,4.337700000000003
729370,4.672700000000005
897360,5.2287
598470,3.739200000000005
560720,5.190600000000006
623940,0.7900000000000006
917770,5.477700000000001
1021840,1.6899999999999995
331510,14.264000000000005
877760,0.7900000000000006
758050,4.782600000000001
262100,3.1380000000000017
234140,6.490100000000004
786690,3.1760000000000006
431640,7.458500000000004
525450,7.897200000000001
540250,9.122000000000007
428040,3.845999999999998
336020,6.990000000000004
648570,4.654000000000002
791350,2.9929999999999954
463880,1.990000000000004
588210,13.533799999999996
628820,5.136333333333339
240600,10.983700000000015
649450,2.7372999999999994
865270,1.6730999999999994
322780,9.157000000000005
968290,1.0859000000000014
364350,2.130000000000003
547340,11.365000000000007
546030,2.7607000000000017
681330,6.2416000000000045
887370,8.719200000000006
444770,2.6922
845630,9.040800000000006
767110,7.360066666666669
557040,5.158000000000005
674220,4.749700000000002
467930,20.847
527360,5.279399999999998
1052760,1.5406547619047617
698780,5.282000000000002
1018820,7.830400000000005
890400,23.23599999999998
356090,5.868400000000001
50510,5.780000000000006
874770,4.505100000000002
719180,4.0222000000000016
63610,6.368700000000005
446800,15.390000000000008
664750,6.567300000000004
506840,4.830500000000002
323470,34.66799999999992
601810,6.862700000000006
425450,3.8288000000000015
649630,2.855
276300,7.532000000000007
723760,5.3722
743330,5.096000000000004
27900,4.955200000000004
274480,9.20000000000001
363090,35.84199999999991
759640,3.1523999999999988
1014600,6.615500000000003
848710,1.4920500000000003
840610,6.114900000000005
457890,4.890400000000003
698610,1.5320000000000003
884250,3.844500000000002
785030,5.191600000000002
457980,4.070200000000001
369360,4.5009000000000015
569380,5.275300000000005
17300,13.610500000000007
341870,7.443200000000004
281610,0.0
574890,5.314400000000003
618080,12.855000000000008
46270,2.774999999999999
781230,4.293600000000004
403070,3.0898999999999996
842070,7.1764
701810,3.9842000000000035
524540,4.2020000000000035
957890,7.355299999999999
677710,4.751599999999999
489720,8.412400000000005
872440,5.228200000000002
718010,4.770300000000002
886250,7.209800000000006
366460,4.1775
370590,4.769000000000003
396890,7.234100000000007
619220,3.299100000000002
625680,4.623400000000002
386340,5.4249000000000045
832720,6.018400000000005
38740,6.114500000000005
894070,1.3818499999999991
755150,6.425700000000006
11360,5.071200000000004
466290,5.830099999999995
570500,6.2675000000000045
857340,0.7821000000000007
975980,6.504000000000008
431850,6.056700000000006
567240,6.385000000000006
508900,0.8925000000000014
371390,2.1121000000000016
516950,6.266200000000001
319480,4.052000000000006
562810,9.205200000000005
1013650,4.086000000000006
732400,9.580000000000007
990940,5.6072666666666695
406090,6.639000000000006
247730,6.098700000000003
383840,13.286999999999999
695600,5.706000000000006
321660,20.748900000000006
292930,7.859400000000006
534230,6.989999999999998
577160,3.673933333333334
813540,2.144000000000002
581100,5.340100000000004
347790,3.970000000000007
548130,8.695200000000007
675210,2.2090000000000005
859340,8.8682
454540,6.918000000000006
533060,6.91810000000001
652660,3.472400000000004
451760,7.767100000000005
865930,6.631700000000006
467760,6.773800000000005
777580,5.2287
661700,4.0771000000000015
850740,6.482499999999999
525510,6.9600000000000035
813820,0.40549999999999997
779050,5.805200000000005
586110,0.0
385220,4.200000000000007
405670,5.838900000000004
373480,5.842700000000005
640250,5.245700000000002
698160,4.981000000000005
887520,3.6994
453000,6.7489000000000035
799610,0.7900000000000006
436500,10.99576666666666
740100,2.770533333333334
697630,6.057600000000007
540410,11.378000000000007
731600,5.099
722240,1.037000000000002
440750,4.903900000000002
914130,3.7451000000000016
730690,5.980000000000007
718960,5.482200000000006
243800,4.438300000000005
363980,8.304100000000009
306200,5.391700000000004
811860,3.351199999999995
339340,32.919399999999925
362680,7.585200000000004
1006850,2.8899999999999926
393290,4.112333333333339
576700,5.912100000000001
856750,3.673933333333334
1007630,5.128800000000004
715460,0.7440000000000003
757190,5.477700000000001
550170,4.667200000000005
483490,5.716200000000003
504800,13.824100000000008
872230,5.477700000000001
11190,7.164000000000003
7770,4.787100000000006
510500,10.280299999999995
316180,15.220000000000006
827450,3.3675999999999995
811130,1.4081000000000001
736250,1.5232999999999999
935930,5.770600000000004
548680,5.370000000000005
856390,5.477700000000001
856560,7.705400000000005
705300,1.5907000000000011
645820,0.0
261940,5.320199999999999
778870,5.245700000000002
385440,5.134800000000002
600670,7.130499999999999
820300,1.7530000000000012
453090,7.135000000000006
560340,6.913399999999999
257970,13.629000000000017
361950,5.568300000000004
1022230,4.346000000000002
228280,14.865000000000007
688400,0.0
582620,4.633000000000004
334920,6.451900000000004
61500,12.392100000000006
430190,9.924000000000003
605490,3.9537
857470,2.107000000000002
280040,8.121000000000004
972940,2.090000000000003
310810,6.229100000000004
559200,2.9015999999999993
416600,11.168100000000006
387860,1.4462000000000013
557670,4.092300000000001
574860,3.9900000000000073
853550,7.239900000000008
827830,6.640000000000006
1003530,8.1154
637940,4.808000000000003
732520,4.252400000000002
491010,2.824200000000002
301910,9.449600000000006
976860,0.7900000000000006
680550,4.6952000000000025
698960,5.477700000000001
664350,0.8281000000000008
661530,2.8899999999999926
200260,24.18309999999997
542310,7.888200000000004
976870,4.790000000000009
821800,5.477700000000001
366220,11.0996
710540,2.823199999999998
444430,4.724900000000003
349190,4.574600000000003
862520,0.0
738900,6.960000000000003
397720,35.97609999999991
573060,6.826800000000004
528970,3.966500000000002
844930,2.6104
353640,10.865499999999999
534320,6.06306666666667
302810,5.680500000000002
651380,2.101000000000002
772600,4.0737
871480,2.2858000000000005
6000,6.022100000000003
514930,4.177400000000002
488440,7.3354000000000035
983230,0.7821000000000007
751580,1.8559999999999985
518280,6.773100000000003
470220,33.379399999999926
423650,7.067099999999998
968820,5.6461000000000015
654950,1.9506666666666672
526470,5.399700000000003
361190,4.477200000000004
694090,5.774100000000002
313160,15.986800000000008
323000,6.711266666666665
952330,5.245700000000002
677330,6.624000000000003
654600,4.582200000000001
749180,4.405400000000001
370550,7.007100000000004
877590,8.629399999999999
728620,5.477700000000001
675260,11.099100000000005
1008710,6.7457000000000065
666220,14.653899999999991
543280,0.7900000000000006
488950,15.166599999999995
508600,6.252000000000005
995480,0.7900000000000006
722250,2.8940999999999986
555940,3.5663000000000027
863290,5.405399999999998
368230,9.289900000000003
757230,1.343166666666668
887340,2.1040000000000028
905220,1.7039999999999995
578620,6.284400000000001
2320,7.9004000000000065
46830,7.134400000000005
571740,12.2085
392930,4.699500000000003
569370,4.3957
253840,8.908100000000008
363790,6.395000000000003
65790,12.208000000000004
1019250,5.842100000000003
501990,8.479300000000007
1042570,3.791866666666669
435420,5.638100000000001
1021850,0.0632
420770,8.474100000000007
829080,1.0684000000000011
941120,3.550999999999998
611060,4.639100000000002
360970,1.9583000000000013
270770,3.2438000000000016
404480,11.522400000000012
455830,4.336200000000003
660400,4.3957
352160,5.501400000000006
514550,5.174800000000001
845420,3.925900000000001
204880,14.885100000000007
827560,6.706599999999998
17100,5.297700000000001
866450,2.129800000000001
680620,4.549700000000005
328640,5.620700000000004
565690,7.319166666666671
722050,2.5112
851050,12.467500000000006
677300,8.969000000000007
48720,12.456700000000005
572760,5.944400000000005
372970,4.673600000000004
926720,7.4205
378510,7.577400000000003
612070,7.970300000000008
628090,13.474000000000006
923650,7.355299999999999
663190,3.086400000000003
359260,3.5447000000000015
512070,6.706599999999998
1028360,2.549000000000004
911880,4.582200000000002
951240,23.70799999999998
863170,5.477700000000001
377450,4.009500000000002
380670,10.944200000000006
488040,6.254700000000006
657070,1.7469999999999997
296730,4.848400000000003
384700,11.995400000000007
662190,7.850500000000003
707610,1.5900000000000027
293480,4.925600000000005
691680,7.705400000000005
576130,0.8661000000000005
730280,4.182000000000006
939470,5.477700000000001
430290,8.847000000000005
396680,5.2401000000000035
314520,21.658399999999993
894330,5.046099999999999
445230,6.278200000000005
340410,10.759000000000007
324260,10.4364
793240,3.2738999999999994
998330,5.797999999999997
672490,6.482499999999999
918820,2.7182000000000026
894110,0.7900000000000006
673050,4.034300000000001
26300,5.692300000000002
715010,1.009700000000001
809850,9.019199999999996
940180,5.477700000000001
440630,4.438400000000006
824720,6.580100000000003
635060,3.769700000000002
506550,4.790000000000008
209190,6.978100000000007
851200,1.5382000000000002
701680,5.279399999999998
208630,6.394000000000006
536560,7.851200000000007
511490,6.675000000000003
979680,7.455400000000001
678430,7.033095093795098
393770,8.390399999999998
529940,5.980500000000002
391660,5.544000000000007
546820,1.621000000000002
508980,5.870200000000006
530350,7.814100000000005
294710,4.236000000000006
316890,5.346900000000005
248820,10.887900000000004
875270,4.751599999999999
394280,8.396700000000004
688330,7.830400000000005
328310,8.140366666666672
710090,5.122800000000001
397210,5.6478000000000055
921960,7.830400000000005
293780,3.6251000000000047
886310,2.9768000000000017
883070,9.457000000000006
520990,5.830200000000002
934990,4.167466666666667
375120,10.732000000000006
716240,7.830400000000005
770350,0.8572000000000013
715490,7.708099999999999
658450,7.1764
789120,2.1899999999999995
877040,4.3413
999540,7.705400000000005
396640,6.145100000000005
725110,5.425800000000002
484990,5.2287
345350,20.110000000000007
514460,6.995000000000002
1020390,9.340300000000003
659220,7.733099999999999
485660,0.0
284930,6.990000000000005
866100,6.706599999999998
363840,8.629399999999999
216110,7.8041000000000045
352950,12.53500000000001
555820,8.354285692085698
785750,7.065100000000032
527230,10.750800000000005
572660,5.779000000000004
70,5.366300000000001
810340,4.069299999999999
398460,6.844700000000005
329190,6.015600000000005
1002100,9.974299999999992
485610,0.7883000000000007
977670,3.2432000000000003
869630,5.750300000000001
701540,3.877099999999999
306370,12.086866666666673
710250,6.706599999999998
974370,1.6899999999999995
414260,13.61420000000001
1600,22.85399999999998
313650,7.062300000000007
601940,3.131899999999999
436480,5.539700000000003
963680,15.801000000000004
504810,18.531000000000006
223100,6.729200000000004
970580,4.9981
814190,7.705400000000005
251290,21.88999999999999
751640,3.1970000000000005
560010,7.708099999999999
606050,0.7900000000000006
386490,1.6589999999999991
65730,12.782000000000005
843170,4.0753
327010,5.539500000000005
630640,4.505100000000002
794570,0.7900000000000006
684580,5.5941000000000045
399890,7.304500000000006
687980,2.089000000000003
333120,3.6445999999999996
622720,2.7545000000000006
429180,19.07870000000001
536890,8.084100000000003
367700,4.263700000000004
631920,1.9488000000000023
931700,6.915200000000006
727420,5.2287
748760,3.0249999999999937
772740,1.6624
885810,8.509100000000007
615070,7.4954000000000045
816490,2.7063000000000015
752330,5.131400000000006
713010,4.069299999999999
560250,9.231099999999996
614630,0.0
607890,9.712000000000007
448940,1.4694999999999998
467910,4.704000000000004
263940,4.884900000000003
569430,5.743500000000004
655940,0.7900000000000006
695950,6.953333333333339
735320,7.4205
654690,1.5920000000000025
1027550,1.9870000000000025
839210,7.733099999999999
860950,9.000000000000005
359090,5.643500000000004
273620,7.283700000000006
727790,4.077300000000001
694070,3.9900000000000073
940150,5.711000000000005
595120,6.004200000000005
209670,14.095000000000006
1010490,0.7900000000000006
698620,6.839300000000006
791490,5.477700000000001
428210,4.766300000000002
325930,7.397300000000008
759750,5.214200000000004
485510,24.33309999999998
406220,2.0951000000000026
404680,15.612200000000007
545320,2.7281000000000004
774551,4.3957
680340,5.512900000000003
732370,7.061600000000006
355080,5.58416666666667
268340,4.659300000000002
744450,5.750300000000001
333390,16.884000000000007
602090,5.165700000000003
439440,5.615900000000005
816200,4.509300000000003
690580,6.514766666666668
440120,4.365000000000004
784000,0.8789000000000012
769980,3.8693000000000053
860600,0.7900000000000006
744800,5.007600000000005
705380,4.373900000000002
466170,5.505500000000001
553210,9.069200000000006
6030,6.668000000000011
673750,7.028500000000008
366250,5.765200000000001
400250,0.8054000000000017
575920,3.243900000000002
878320,3.9900000000000073
340600,5.330500000000003
356450,9.247100000000007
553790,0.7900000000000006
550080,5.781000000000002
998150,5.477700000000001
1018810,5.245700000000002
496030,7.160900000000006
486020,8.250399999999999
234350,6.030400000000006
1045300,7.705400000000005
719800,5.100300000000004
370510,1.084
249990,10.333900000000007
356370,0.0
621090,5.477700000000001
374630,6.615500000000003
544610,15.382400000000008
947540,6.913399999999999
399900,5.511500000000003
815250,4.884100000000002
570490,7.866000000000003
444160,6.551300000000005
748490,22.598999999999986
284870,5.469500000000006
708790,2.7388999999999983
402750,14.905100000000006
691430,4.304100000000003
586570,7.4205
330570,7.631300000000002
547960,1.4769000000000005
496380,6.990000000000004
682140,5.908
370060,5.755400000000002
984450,3.9812000000000034
528090,3.7217999999999978
552920,4.944400000000004
758870,7.017800000000006
296280,8.345400000000007
705420,3.4316000000000026
383980,0.0
907020,4.8206000000000016
613200,5.046099999999999
728070,7.2004000000000055
595990,6.615500000000003
336160,7.4205
805840,6.615500000000003
774261,0.9054000000000008
726870,4.751599999999999
878570,1.4116666666666686
709850,0.0
439940,7.913200000000006
680140,1.3148999999999988
219150,11.763900000000005
504380,6.018100000000004
573750,3.0980000000000025
587180,4.327400000000002
391340,3.5776000000000017
510780,5.034533333333334
796580,5.750300000000001
950850,3.949200000000003
879060,3.2654
491000,1.064300000000001
560180,3.791866666666669
856450,4.481100000000003
386290,5.086800000000003
412140,4.406500000000003
354030,1.5038000000000005
871670,1.2582999999999995
897550,3.9617000000000013
741010,3.806799999999997
857940,7.157000000000015
681780,4.953100000000003
867790,6.144666666666673
782130,15.365000000000007
500090,5.477700000000001
869180,0.7900000000000006
771410,1.0629000000000022
660070,5.1361
322190,10.674000000000008
1032520,5.469100000000001
233150,6.329900000000002
624990,3.791866666666669
473800,3.4068333333333367
259170,7.935400000000004
214970,5.606800000000005
24720,8.987700000000006
377600,5.575999999999999
349950,5.681999999999993
725140,5.2287
788380,1.4718
809540,4.398600000000003
343440,7.302000000000013
529060,5.1604000000000045
782120,7.355299999999999
464880,7.706200000000004
532980,4.1750000000000025
324520,3.103999999999995
511610,0.7900000000000006
819500,0.0
753900,5.351100000000003
1046370,5.1257
498340,5.319600000000003
845510,5.477700000000001
650750,4.874100000000002
316370,8.059000000000003
978340,0.9660999999999998
724710,4.310800000000002
310360,13.709000000000003
47410,9.370000000000006
729460,0.7900000000000006
745400,4.672400000000004
558750,5.099
870040,0.7900000000000006
521630,1.5847000000000009
539460,2.006000000000004
847650,7.2674
896880,4.538300000000001
466740,6.461000000000005
595280,6.896300000000005
3510,4.335500000000002
227800,7.190000000000019
798510,6.758100000000005
1003020,8.961200000000009
582430,5.419200000000003
867750,5.2287
676850,3.9537
854330,4.077300000000001
1022040,7.4954000000000045
656200,11.552099999999998
850790,1.0460000000000018
575110,4.773500000000001
898680,7.705400000000005
655420,4.2014
313360,0.0
1037140,7.4954000000000045
320150,7.273100000000003
997700,1.3809000000000002
579050,4.448400000000002
684420,1.5900000000000027
22600,12.443000000000007
665330,3.9900000000000078
745180,0.7900000000000006
781280,4.813600000000003
493080,5.270400000000003
785940,15.409100000000013
699040,5.928300000000007
828730,7.2674
457230,0.0
1004310,2.0347169164169174
284260,7.7975000000000065
263760,4.009400000000006
643830,4.341400000000002
417980,6.327600000000001
546220,5.546700000000004
805090,3.789800000000001
547480,3.6899
338050,6.028300000000002
675720,4.7439000000000044
528580,5.946600000000003
447540,5.279399999999998
963080,0.7862000000000005
380790,1.8709000000000002
364740,14.990000000000007
361550,5.6139000000000046
800270,5.962300000000004
371320,5.0484000000000036
331980,6.995500000000006
968560,0.7900000000000006
452570,7.179000000000006
457570,6.195100000000004
908920,0.7900000000000006
454770,6.242300000000004
312240,1.5900000000000025
625980,28.48919999999995
729970,4.077300000000001
262900,6.848100000000004
227560,6.540200000000006
718090,2.8712000000000013
108600,10.256200000000003
604900,5.477700000000001
791140,5.1646
277630,8.392900000000004
354820,6.645000000000005
564080,5.872100000000004
528450,7.084100000000032
776430,7.4954000000000045
878240,4.015966666666667
970510,3.4632000000000023
899620,6.271400000000003
461560,6.594300000000007
514360,4.591754401154402
753930,6.5043000000000015
381050,5.643800000000003
887060,4.377000000000004
467290,5.693700000000003
282760,7.696400000000006
211340,11.400000000000007
405810,8.250399999999999
455980,6.245200000000003
796920,6.378333333333343
671920,10.990000000000007
463760,0.0079
564100,7.2674
661650,5.477700000000001
526890,14.990000000000007
496680,3.6571000000000025
510930,2.989200000000003
332410,7.1600000000000055
552960,3.910000000000008
10240,6.298900000000003
242780,11.002000000000008
1014840,7.4954000000000045
236450,7.570000000000005
548470,8.208000000000004
804400,4.751599999999999
572630,5.099
251530,10.661500000000006
942020,3.5113000000000016
288630,4.590600000000006
835490,4.751599999999999
443580,12.831199999999994
997870,1.7794000000000008
752570,6.276400000000004
1020470,14.902000000000008
681290,5.305100000000001
808800,4.8614000000000015
555290,5.631700000000004
6550,21.722199999999997
442770,5.002200000000003
831770,2.6919999999999944
612140,4.157400000000002
274920,12.338500000000003
570840,7.205100000000005
517270,4.9739
231160,6.753900000000007
21660,19.560100000000006
832710,3.888142857142862
864570,0.7900000000000006
865050,0.7900000000000008
789730,1.7695000000000016
250700,10.560300000000007
462100,4.736800000000003
914690,0.7900000000000006
216890,11.732800000000006
478010,1.6769999999999998
788610,6.152500000000003
762130,7.4954000000000045
780970,6.913399999999999
384990,5.7758000000000065
737390,8.390399999999998
371850,12.999999999999993
993810,8.711
318660,3.6912000000000016
296510,4.878000000000004
628730,7.634200000000006
801760,7.355299999999999
697730,7.4954000000000045
948630,0.7900000000000006
822540,4.933500000000003
9940,9.673200000000003
983880,4.9692000000000025
687760,5.290200000000003
391290,7.041100000000025
944710,7.733099999999999
